Title,Value
ID,T1562.001
Sub-technique of, T1562
Tactic,Defense Evasion
Platforms,"Containers, IaaS, Linux, Windows, macOS"
Defense Bypassed,"Anti-virus, File monitoring, Host intrusion prevention systems, Log analysis, Signature-based detection"
Contributors,"Alex Soler, AttackIQ; Cian Heasley; Daniel Feichter, @VirtualAllocEx, Infosec Tirol; Gal Singer, @galsinger29, Team Nautilus Aqua Security; Gordon Long, Box, Inc., @ethicalhax; Lucas Heiligenstein; Nathaniel Quist, Palo Alto Networks; Sarathkumar Rajendran, Microsoft Defender365; Ziv Karliner, @ziv_kr, Team Nautilus Aqua Security"
Version,1.4
Created,21 February 2020
Last Modified,12 April 2023
